id_conducteur,nom,prenom,CIN
e6ad1c6b,Haddad,Mohamed,CIN36596
595e5b0e,Sbai,Youssef,CIN62172
a6fcc84f,Fassi,Amina,CIN87402
687fad42,Nouiri,Ahmed,CIN64454
03a20663,Mansouri,Samir,CIN50133
55ac0190,Bennani,Hassan,CIN28022
a65e5880,Sbai,Khalid,CIN88261
bff0c0c7,Sbai,Khalid,CIN77303
655c701d,Haddad,Amina,CIN88932
d04cd44e,El Amrani,Ahmed,CIN39820
380055c7,Jaziri,Khalid,CIN47065
5dfee287,El Idrissi,Youssef,CIN33318
b29d6090,Bennani,Khalid,CIN18268
40d34719,Bennani,Fatima,CIN80092
6462009a,Sbai,Samir,CIN67956
1a82cb10,El Amrani,Hassan,CIN87066
1da7d4e0,Haddad,Rania,CIN48746
c04eeced,Fassi,Amina,CIN50940
bff8c471,El Amrani,Youssef,CIN21036
1b1ed2c4,Fassi,Youssef,CIN49511
99cd690e,Nouiri,Ahmed,CIN83576
f3d7f438,Fassi,Youssef,CIN62984
5bfb1675,Sbai,Youssef,CIN39552
b2223d0b,Mansouri,Amina,CIN43011
a28d354d,El Amrani,Hassan,CIN83043
01804c80,Othmani,Khalid,CIN20267
a996bd1a,Mansouri,Sara,CIN11922
6a9c4243,El Idrissi,Hassan,CIN45715
ee908026,Mansouri,Hassan,CIN59615
969075d7,El Idrissi,Amina,CIN52072
f07caa10,Fassi,Fatima,CIN12588
9ac93c15,El Amrani,Khalid,CIN36187
9a14052e,El Idrissi,Khalid,CIN65281
d764a307,Fassi,Samir,CIN95956
28a87db0,Haddad,Fatima,CIN87664
7a7ccea9,Sbai,Khalid,CIN76173
502eb95f,Nouiri,Fatima,CIN30456
d6e8ab98,Nouiri,Sara,CIN94147
9f690bec,Jaziri,Samir,CIN70941
ae5530ec,Haddad,Hassan,CIN61538
beea5737,El Amrani,Mohamed,CIN76091
c6c2442b,El Idrissi,Khalid,CIN30537
b427bd41,El Amrani,Hassan,CIN32261
6d7cbf01,El Idrissi,Khalid,CIN64874
73881b73,Nouiri,Fatima,CIN39542
52231afd,Fassi,Hassan,CIN33714
2680c425,Bennani,Amina,CIN26648
a920064f,Mansouri,Youssef,CIN52243
f3c6d07c,El Amrani,Samir,CIN97656
6ac9bb10,Fassi,Amina,CIN78936
70bb4059,Jaziri,Rania,CIN21905
925f658e,Othmani,Mohamed,CIN10012
d188a921,El Idrissi,Ahmed,CIN74592
7e51b696,Nouiri,Samir,CIN19982
9ab55ba2,Haddad,Khalid,CIN63107
a6660c3b,Sbai,Mohamed,CIN19401
3dc7d423,Mansouri,Rania,CIN70733
3d2e14bb,Othmani,Ahmed,CIN91671
b141a850,Fassi,Samir,CIN62615
5fb745b7,Jaziri,Rania,CIN94554
e83f8f2e,Nouiri,Mohamed,CIN95465
8bc90c1a,Nouiri,Rania,CIN91550
eab046fc,Bennani,Mohamed,CIN55121
45e56bde,Mansouri,Mohamed,CIN37967
d76f30b9,Sbai,Fatima,CIN25963
151655f8,Bennani,Ahmed,CIN13023
eb9790bb,Fassi,Amina,CIN71425
1fdd797e,Sbai,Mohamed,CIN30620
3a44491b,Haddad,Ahmed,CIN96593
cb6ccae8,Fassi,Hassan,CIN58402
d49d4d93,Jaziri,Youssef,CIN42565
a333833c,Othmani,Ahmed,CIN49374
dbf2dee7,Haddad,Fatima,CIN26799
7d5ac730,Othmani,Mohamed,CIN87381
339b7726,El Idrissi,Sara,CIN89436
999a1d6b,Bennani,Khalid,CIN43449
8fd57d3b,Haddad,Khalid,CIN19994
873dde7d,Bennani,Amina,CIN59866
71920e93,Sbai,Youssef,CIN42819
7763fbbf,Sbai,Youssef,CIN59034
d61a9a3f,Sbai,Fatima,CIN65344
0669e30b,Nouiri,Youssef,CIN72187
71a20189,Othmani,Samir,CIN78060
16e058d7,El Amrani,Rania,CIN66333
aa016bc1,Sbai,Amina,CIN80904
ce4563d9,El Amrani,Rania,CIN38855
d9172b9b,El Idrissi,Youssef,CIN89581
f41f1423,Othmani,Fatima,CIN88529
b18b27f2,El Amrani,Hassan,CIN31616
371bc1b7,Nouiri,Amina,CIN62339
30827221,Jaziri,Khalid,CIN35138
412b4d03,Haddad,Fatima,CIN79094
a76a22d7,Fassi,Samir,CIN33059
938153f9,Nouiri,Ahmed,CIN18858
ae09fedd,El Idrissi,Samir,CIN43907
d2fe3aa5,Bennani,Fatima,CIN57301
d1e2a98e,El Idrissi,Rania,CIN85097
6023f930,Bennani,Samir,CIN24754
01ccb423,El Idrissi,Amina,CIN87716
1aad3067,El Idrissi,Sara,CIN60857
